topic_id,topic_name,description
theology-nature-of,Nature of theology
theology-natural,Natural theology
scripture-necesity,Necesity of scripture
scripture-authority,Authority of scripture
scripture-credibility,Credibility of scripture
scripture-sufficiency,Sufficiency of scripture
god-unity,Unity of God
god-spirit,Spirituality of God
idolatry,Idolatry
trinity,Trinity of God
creation,Creation
man-creation,Creation of Man
providence,Providence
reprobate,Reprobation
"fall,original-sin",Fall of Man
man-will,Will of Man
original-sin,Original Sin
redemption,Redemption
law-purpose,Purpose of the Law
law-moral,Moral Law
law-and-gospel,Law and Gospel
old-testament,Old Testament
new-testament,New Testament
incarnation,Incarnation
christ-two-natures,Two Natures in Christ
christ-offices,Offices of Christ
christ-redeemer,Christ as Redeemer
christ-death,Death of Christ
christ-resurrection,Resurrection of Christ
christ-ascension,Ascension of Christ
atonement,Atonement
faith,Faith
repentance,Repentance
penance,Penance
indulgences,Indulgences
purgatory,Purgatory
christian-life,Christian Life
justification,Justification
good-works,Good Works
christian-liberty,Christian Liberty
prayer,Prayer
predestination,Predestination
last-resurection,Last Resurection
church-true,The True Church
church-unity,Unity of the Church
church-officers,Officers of the Church
pope,The Pope
church-authority,Authority of the Church
church-discipline,Church Discipline
vows,Vows
sacraments,Sacraments
baptism,Baptism
baptism-infants,Infant Baptism
eucharist,Eucharist
mass,The Mass
civil-government,Civil Government
god-existence,Existence of God
god-simplicity,Simplicity of God
god-perfection,Perfection of God
goodness,Goodness
god-goodness,Goodness of God
god-infinity,Infinity of God
god-immutability,Immutability of God
god-eternity,Eternity of God
god-knowability,Knowability of God
god-names,Names of God
god-knowledge,Knowledge of God
ideas,Ideas
truth,Truth
god-life,Life of God
god-will,Will of God
god-love,Love of God
god-justice,Justice of God
god-mercy,Mercy of God
book-of-life,Book of Life
god-power,Power of God
god-beatitude,Beatitude of God
god-processions,Processions of God
god-relations,Relations of God's Persons
god-persons,Persons of God
father,God the Father
son,God the Son
god-image,Image of God
holy-spirit,Holy Spirity
evil-cause,Cause of Evil
angels,Angels
demons,Demons
creation-man,Creation of Man
soul,Soul of Man
paradise,Paradise
